date,text
2026-05-13,"Fuel prices likely to rise if war continues: RBI Guv. ""If this is to continue for longer period of time, it is just a matter of time before the government will pass on some of the price increases,"" Malhotra said at a conference hosted by the Swiss National Bank and the International Monetary Fund in Switzerland on Tuesday. Excise duties had been cut while state-run fuel retailers were absorbing the increase in crude prices as the conflict continues, he added."
2026-05-14,"India prohibits raw, white &amp; refined sugar export till Sept 30. India has banned the export of raw, white, and refined sugar until September 30. This decision aims to control rising domestic prices and manage supply. The ban applies to most shipments, with exceptions for specific quotas and ongoing consignments. This move impacts global sugar trade and India's position as a major exporter."
2026-05-14,"As rupee dips, I-T steps up vigil on shady outflows. In multiple cases, individuals have used dozens of fake permanent account numbers (PANs) with the same name but different addresses and dates of birth to transfer money under RBI's liberalised remittance scheme (LRS) which bars a resident from spending and investing more than $250,000 a year abroad."
2026-05-14,"Sugar export ban to free up 4-5 lakh tonne for domestic use. India has banned sugar exports until September 30. This move aims to increase domestic availability by 4-5 lakh tonnes. The decision is a response to El Nino concerns and potential impacts on future production. While boosting buffer stocks, the ban may affect sugar mill owners' short-term finances. Overseas demand had recently surged, but this ban redirects those supplies inward."
2026-05-14,"Sugar stocks fall up to 7% on export ban; analysts see limited long-term impact. Sugar company shares dropped Thursday after India banned sweetener exports. This move follows rising domestic sugar prices and concerns over crop yields. Despite short-term challenges, analysts see positive medium to long-term prospects for the sector. Capacity expansion for ethanol blending is expected to support future production and sales, mitigating the impact of export restrictions."
2026-05-14,"Goyal calls for aligning standards, customs procedures between India and Africa to boost bilateral trade. India's Commerce Minister Piyush Goyal urged for harmonized standards and customs procedures with Africa. This move aims to significantly boost bilateral trade. The African Continental Free Trade Area and India's growing economy offer substantial opportunities for resilient partnerships. Key sectors for cooperation include renewable energy, green hydrogen, and digitalization. Bilateral trade is projected to reach USD 93.69 billion in 2025-26."
2026-05-14,"Marginal utilisation of gold quota under UAE trade deal: Official. India's trade with the UAE is growing significantly. Gems and jewellery imports from the UAE have increased. However, this rise is in line with overall bilateral trade expansion. The special quota for gold imports from the UAE is being used modestly. This indicates a broader diversification of trade between the two nations."
2026-05-14,"Gold imports under India, UAE FTA quota remain modest: Official. Gold imports under a special trade deal with the UAE have seen low usage. The India-UAE Comprehensive Economic Partnership Agreement offers a duty concession. However, actual imports under this scheme have been marginal. This comes as India increased its overall gold import duty."
2026-05-14,Govt to explore possibility of PLI scheme for seafood MSMEs. India's seafood sector is set for a major boost. The government plans a production-linked incentive scheme for small and medium seafood businesses. This aims to enhance global competitiveness and increase exports. The focus will be on value-added products and expanding the number of exporters significantly. Sustainable practices and improved quality standards are also key priorities.
2026-05-14,"India bans sugar exports till September to stabilise domestic prices. India has banned sugar exports until September 30. This move aims to stabilize domestic prices as supply tightens. The ban applies to raw, white, and refined sugar. Exceptions exist for specific quotas and ongoing shipments. This decision reflects efforts to build buffer stocks. Domestic prices have seen an increase. Production forecasts are also impacted by weather patterns."
2026-05-14,"India figures in EU's draft list for continued export of aquaculture products. India has been reinstated on the European Union's draft list for aquaculture product exports, ensuring continued shipments beyond September 2026. This inclusion follows India's compliance with EU regulations on antimicrobial use in food-producing animals. The move is a significant boost for India's seafood export sector, highlighting the EU's confidence in India's food safety standards."
2026-05-14,ECB filings halve to USD 5.43 billion in March: RBI. Indian companies and lenders saw foreign borrowing filings drop significantly in March. This reduction occurred amidst global financial market uncertainties. The total filings amounted to USD 5.43 billion. This figure is lower than the previous year but higher than February's filings. Several prominent firms submitted intentions for new projects and refinancing existing loans.
2026-05-14,"India losing investor attention to Asia’s AI-electronics surge, says DBS economist. Global capital is shifting towards electronics and AI in Asia. India's foreign direct investment slowdown is not a major concern. Asia's export boom offers opportunities. India should integrate more into supply chains and adopt pragmatic approaches to Chinese investment. Realistic energy price adjustments and targeted support for vulnerable groups are also recommended."
2026-05-14,"We are seeing momentum for Indian investment in Sri Lanka, lot of interest in hospitality, ports, logistics: Ceylon Chamber of Commerce Chairperson. Sri Lanka aims to boost trade with India. The Ceylon Chamber of Commerce sees strong interest for Indian investments in hospitality, ports, and logistics. Sri Lanka's economy has recovered and stabilized. This presents new opportunities for partnerships and collaboration between the two nations. Regional cooperation is highlighted as key to strengthening the area."
2026-05-14,EAM Jaishankar welcomes Russian FM Sergey Lavrov at BRICS Foreign Ministers' meeting. New Delhi hosted the BRICS Foreign Ministers' meeting. External Affairs Minister S Jaishankar welcomed delegates from member and observer nations. The meeting is part of India's 2026 BRICS chairship. Discussions covered global and regional issues. India assumed the BRICS Chairmanship on January 1.
2026-05-14,"PM Modi to leave on five-nation tour tomorrow, discussions in UAE to also focus on strengthening energy security. Prime Minister Narendra Modi begins a five-nation tour tomorrow. The visit aims to strengthen India's ties with the UAE and four European nations. Discussions will focus on energy, defense, and technology. The tour includes the UAE, Netherlands, Sweden, Norway, and Italy."
2026-05-14,"India wholesale inflation jumps to 8.3%, highest in 3-1/2 years on oil shock. Wholesale inflation in India jumped to 8.3 percent in April. This is the highest rate recorded in the current series. Soaring fuel and crude oil prices are the main drivers. This rise impacts mineral oils, natural gas, and manufactured goods. Producer costs are increasing rapidly. Global commodity and energy prices are affecting domestic supply chains."
2026-05-14,"Wholesale inflation hits 42-month high of 8.3% in April. India's wholesale inflation reached an 8.3% peak in April, a 42-month high. Rising fuel, power, and crude oil prices fueled this surge. Experts predict inflation may climb further in May. Disruptions in West Asia and potential El Nino effects are key concerns. Consumers are shielded from retail fuel price hikes, but commercial LPG costs increased."
2026-05-14,"Ram Charan on why 5-year plans fail, leading Gen Z &amp; leadership for next 20 years | ET Titan Talks."
2026-05-15,"Nifty to hit 42,000 by 2028? New paper that studied market cycles says it's possible if these factors align. A CNI InfoXchange study projects the Nifty could surpass 42,000 by 2028 if sustained foreign investor inflows return. The report highlights stronger domestic liquidity, resilient equity markets, robust GDP growth prospects, rising retail participation, and India’s increasing weight in global emerging market indices."
2026-05-15,"GST Tribunal revamps appeal process: Division bench review now mandatory for appeals. The move seeks to prevent smaller benches from deciding cases involving important legal questions, ensure consistent rulings, and streamline the process of resolving disputes."
2026-05-15,"Fuel price hike may push inflation up by 20 bps, say experts. Fuel prices have risen, potentially pushing retail inflation up by 0.15 to 0.20 percentage points. Experts warn this could lead to wider price increases across the economy. Higher transport and logistics costs are expected to impact various sectors. This development follows recent hikes in gold and milk prices. The full effect on inflation will become clearer in the coming months."
2026-05-15,"Steel safeguard measure hits India-UK trade pact rollout. India's trade deal with the UK is delayed by new British steel rules. Officials are seeking a creative solution for early implementation. Meanwhile, India and the US are nearing an interim trade agreement. India also aims to boost exports to $1 trillion by 2026-27, with ongoing reviews for pacts with Korea and the Maldives."
2026-05-15,"India looks to consolidate East Africa economic partnership amid global supply chain shifts. India's engagement with East Africa is becoming increasingly significant, moving past traditional trade to focus on deeper industrial synergies. The region's rich deposits of essential minerals are essential for India's ambitions in clean energy. To capitalize on this, tackling logistical and financial hurdles will be essential."
2026-05-15,"Economists warn fuel, milk price hikes may raise retail inflation by up to 0.42%. Retail inflation is set to rise by 0.42 percent due to increased fuel and milk prices. Economists predict broader impacts on transportation, logistics, and food costs. Petrol and diesel prices saw a hike of Rs 3 per litre. Milk prices also increased by Rs 2 per litre. These changes will affect household budgets and producer costs."
2026-05-15,"India's exports to China rise 27 pc in Apr; imports up 20.85 pc. India's trade with China saw significant growth in April. Exports to China surged by 27 percent, while imports increased by over 20 percent. This has led to a wider trade deficit with Beijing. China has now become India's largest trading partner. Meanwhile, trade with the US also saw changes. Other countries like Singapore and Tanzania also showed strong export performance."
2026-05-15,"India, UK working on British steel issue to operationalise trade pact: Commerce Secy. India and the United Kingdom are nearing the operationalization of their trade pact. Both nations are collaborating on a unique solution to address recent UK steel safeguard measures. These measures had created a hurdle for the Comprehensive Economic and Trade Agreement. The pact aims to boost bilateral trade significantly by 2030."
2026-05-15,"India's exports hit record USD 863 bn despite global turmoil; on track for USD 2 trillion target by 2030: Piyush Goyal. India's exports touched a record USD 863 billion in FY26 despite global geopolitical tensions and disruptions in international trade, Commerce and Industry Minister Piyush Goyal said on Friday, asserting that the country remains on track to achieve its USD 2 trillion exports target by 2030."
2026-05-15,"India's BRICS trade surges to $416 billion, but widening deficit raises policy imperative ahead of 2026 Summit. India's trade with BRICS nations shows strong growth. However, a widening trade deficit is a major concern. Imports from BRICS are rising faster than exports. Russia is a key import source. India aims to balance import dependencies and boost outbound shipments. The expanded BRICS bloc holds significant global influence."
2026-05-15,"Centre to procure onions at Rs 12.35 per kg rate from farmers, says Chouhan. Onion farmers will receive Rs 12.35 per kg for their produce. Union Agriculture Minister Shivraj Singh Chouhan announced this procurement price. The government will buy all available stock. This move aims to support growers facing falling prices. Onion exports have been impacted by the West Asian crisis. Directives have been issued to NAFED for procurement."
2026-05-15,"India spots an export champion in a sector tariffs failed to sink. India's seafood sector has demonstrated remarkable resilience, transforming a 50% US tariff into a catalyst for growth. Through strategic market diversification, regulatory diplomacy, and domestic innovation, the industry achieved record exports in FY26. The government is now considering a production-linked incentive scheme to further boost value-added exports and expand the exporter base, solidifying India's position as a global powerhouse."
2026-05-15,"Gold imports jump 82 pc to USD 5.62 bn in April; silver by 157 pc. India saw a significant jump in gold imports in April, reaching USD 5.62 billion. This surge was driven by high prices. However, the government has sharply increased customs duty on gold and silver. This move is expected to lead to lower import volumes in the coming months. Silver imports also saw a substantial rise."
2026-05-15,"Gems &amp; jewellery exports fall 9% in April to Rs 20952 cr. Indian gems and jewellery exports saw a dip in April 2026. Geopolitical tensions and cautious buyer sentiment impacted trade. While cut and polished diamonds and plain gold jewellery faced pressure, silver, platinum, and studded gold jewellery showed strong growth. This performance reflects global economic headwinds and evolving consumer preferences."
2026-05-15,"Unemployment rate hits six-month high of 5.2% in April. India's unemployment rate climbed to 5.2% in April, a six-month peak. Rural joblessness saw an increase, while urban unemployment eased to a year-low. Urban female unemployment declined significantly. Youth unemployment edged up, with a sharp rise for young women. Labour force participation and the worker population ratio also saw a slight decrease."
2026-05-15,India's forex reserves jump by $6.295 billion to $696.988 billion. India's foreign exchange reserves saw a significant increase. Reserves rose by over six billion US dollars in the week ending May 8. This surge brought the total reserves to nearly 700 billion US dollars. The rise was driven by increases in foreign currency assets and gold reserves. This marks a positive development for the country's financial standing.
2026-05-15,e-Vikas: Could this be answer to India’s fertiliser distribution woes | Interview with MP Agri Secy.
2026-05-15,India’s unemployment rate steady at 5.2% in April; rural joblessness rises to 4.6%. India's job market shows stability. The overall unemployment rate was 5.2% in April 2026. Rural joblessness increased slightly. Urban unemployment saw a small decrease. Labour force participation declined for both men and women. Worker population ratio also moderated. These trends indicate minor shifts in employment conditions across the country.
2026-05-15,"US team likely to visit India next month for trade talks. US trade officials are anticipated to visit India next month for crucial trade talks, following India's delegation visit to Washington in April. Both nations are actively engaged in finalising details for an interim trade pact and advancing broader bilateral trade agreement negotiations."
2026-05-15,"ITC Hotels Q4 results: Profit rises 23% YoY to Rs 317 crore; co declares Re 1/share dividend. ITC Hotels announced robust fourth-quarter earnings for FY26. Profit after tax surged 23% year-on-year. Revenue from operations also saw a significant 14% increase. The company's hospitality business demonstrated continued growth. For the full fiscal year, profit after tax rose 29%. A final dividend of Rs 1 per equity share has been recommended."
2026-05-15,India’s trade deficit widens to $28.38 billion in April as imports surge amid Gulf conflict. India's trade deficit grew to $28.38 billion in April. This increase exceeded market expectations. The Middle East conflict disrupted shipments and raised energy costs. This impacted India's import bill significantly. Exports rose to $43.56 billion. Imports climbed to $71.94 billion. Services trade offered some relief. The rupee faced pressure. Government urges conservation measures.
2026-05-15,"PM Modi in UAE: India signs defence, gas supply and strategic oil reserves pacts with Abu Dhabi. India and the United Arab Emirates forged new ties on Friday. Key agreements were signed in defence cooperation, energy security, and infrastructure investment. The UAE committed $5 billion to Indian infrastructure and financial institutions. These pacts were finalized during Prime Minister Narendra Modi's visit to the Gulf nation."
2026-05-15,India’s cities need Rs 80 lakh crore investment to support urban growth: Report. India requires Rs 80 lakh crore for urban infrastructure by 2037. Cities will contribute significantly to the nation's GDP. A new Rs 1 lakh crore fund will encourage market-based funding for urban projects. Local bodies must raise funds through bonds or loans. This will improve financial discipline and city creditworthiness. Smaller towns can benefit from a credit guarantee scheme.
2026-05-15,Could e-Vikas solve India’s fertiliser distribution challenge? Nishant Warwade explains | Teaser.
2026-05-15,"India's trade with West Asia contracts for second straight month in April amid shipping disruptions. April marked a downturn in India’s trade relationship with West Asia, as both exports and imports experienced a staggering reduction of more than 28%. The unrest linked to the US-Iran situation has severely disrupted shipping operations, affecting vital trade channels. This decline particularly threatens major Indian sectors, including jewels and engineering products, as well as oil."
2026-05-15,"Kospi Crash Explained: Why South Korea's red-hot stock market tumbled 6% after record rally. South Korea's stock market saw a dramatic fall on Friday. This happened after a massive rally pushed valuations to extreme levels. The market's dependence on a few AI chip companies became clear. Samsung Electronics and SK Hynix, key players, experienced significant drops. This led to a broad index decline. Global factors also contributed to the market's weakness."
2026-05-15,"US stocks: Nasdaq, S&amp;P 500 futures tumble 1% as yields jump on inflation worries. Brent crude prices rose almost 3% to $109 a barrel as ​the Strait of Hormuz remained closed, heightening concerns over global energy ⁠supplies"
2026-05-15,"Sebi approves IPO plans of Neolite Lightings, Aspri Spirits and SS Retail. Sebi approved IPO plans of Neolite ZKW Lightings, Aspri Spirits and SS Retail, enabling them to raise funds through fresh issues and OFS routes. The companies operate in automotive lighting, premium alcohol distribution and consumer electronics retail, targeting expansion, manufacturing growth and debt repayment."
2026-05-15,"Gainers &amp; Losers: HAL, HUDCO among 6 top stock movers on Friday."
2026-05-15,"US stocks today: Dow Jones crashes 500 points on mounting inflation worries. U.S. stocks pulled back from record highs as rising crude oil prices and surging Treasury yields triggered fresh inflation concerns. The selloff hit AI-driven tech stocks hardest, while markets reassessed rate hike risks under incoming Fed leadership, with geopolitical tensions and bond market signals dampening investor sentiment."
2026-05-15,"SpaceX accelerates IPO timeline, targets June 11 pricing on Nasdaq. Elon Musk’s SpaceX is accelerating its IPO plans, with pricing expected around June 11 and a potential market debut by June 12 on Nasdaq. The company has fast-tracked filings after a quicker SEC review, moving ahead of its earlier late June timeline as it eyes strong investor demand."
2026-05-15,"JSW Steel posts 13-fold rise in profit for March quarter; to double capacity in 6 years. JSW Steel reported a nearly 13-fold surge in Q4 profit driven by an exceptional gain and record volumes. The company plans aggressive expansion, targeting 78 million tonne capacity by FY32, supported by JVs, higher capex and strong domestic steel demand growth outlook."
2026-05-15,"SAIL Q4 Results: Cons PAT surges 47% YoY to Rs 1,835 crore, revenue rises 5%. SAIL reported a strong Q4FY26 performance with net profit rising 47% year on year and revenue growing 5%. Sequential profit surged sharply, EBITDA improved significantly, and the board recommended a dividend of Rs 2.35 per share despite mixed global steel production trends and output softness."
2026-05-15,"Sebi, CBDT ease PAN rules for foreign investors after onboarding concerns. Sebi and CBDT relaxed PAN compliance requirements for foreign portfolio investors after concerns over complex onboarding rules. The clarifications simplify documentation, contact disclosures and taxpayer identification requirements, aiming to maintain seamless foreign investor access and improve ease of doing business in Indian financial markets."
2026-05-15,Powell's tenure as Fed chair marked by fight for independence while trying to tame inflation.
2026-05-15,Yields surge to one-year high as oil prices and inflation data rattle markets. Trump said his patience with Iran was ​running out and that Chinese President Xi Jinping had ⁠agreed during ‌their talks in Beijing that Tehran must reopen the strait
2026-05-15,"3 years of derivatives relaunch: How Sensex turned Rs 2 crore premium into Rs 33,000 crore options business. BSE has rapidly expanded its derivatives business through Sensex weekly options, sharply increasing turnover, market share and profitability. Lower transaction costs, rising retail participation and algorithmic trading boosted volumes, while derivatives growth significantly strengthened BSE’s revenue, earnings and position in India’s booming options market."
2026-05-15,"Sebi expands permitted use of borrowings for highly leveraged InvITs. The changes, which have come into force with immediate effect, are aimed at providing greater flexibility to InvITs in managing funding requirements."
2026-05-15,"US stocks today: US stocks fall as higher yields threaten AI-led rally. Wall Street declined as rising Treasury yields and inflation concerns tied to the Middle East conflict weighed on sentiment. Tech stocks led losses, with chipmakers sliding, while markets priced in higher odds of a Fed rate hike amid persistent price pressures."
2026-05-15,"Mahanadi Coalfields gets govt nod for IPO; Coal India to dilute up to 25% stake. The government approved the listing and disinvestment of Mahanadi Coalfields through an IPO, enabling Coal India to dilute up to 25% stake. MCL may raise fresh capital through multiple routes, marking another major PSU divestment initiative aimed at expanding investor participation in state-owned enterprises."
2026-05-15,"Quote of the day by Marty Whitman: ""As a value investor, what you are interested in is whether the company is creating wealth"". Marty Whitman, a legendary investor, emphasized wealth creation. Value investors look beyond daily price swings to a company's core business. They seek companies that build lasting value through strong earnings and smart decisions. This approach is crucial in volatile markets. It guides investors to identify businesses that consistently grow shareholder wealth over many years."
2026-05-15,Dow Jones Today | US Stock Market Live Highlights: Dow Jones crashes 500 points on mounting inflation worries.
2026-05-15,"Tata Steel Q4 Results: Cons PAT soars 147% YoY to Rs 2,965 crore, revenue jumps 13%. Tata Steel Q4 Results: Tata Steel reported a consolidated net profit of Rs 2,965 crore in the March-ended quarter versus Rs 1,201 crore in the year ago period, a 147% YoY growth."
2026-05-15,"ITC Hotels Q4 PAT at Rs 317 crore, chain posts revenue of Rs 1,254 crore. ITC Hotels posted strong FY26 growth with higher revenue, profit and record hotel signings. The company acquired a luxury resort in Kumarakom, expanded its managed pipeline, maintained industry-leading RevPAR and outlined plans to scale operations to 250 hotels by 2031."
2026-05-16,"US Stocks end lower on mounting inflation worries. U.S. stocks declined Friday as rising crude prices fueled global inflation fears, pushing Treasury yields higher and making equities less attractive. The Trump-Xi summit yielded few results, while Jerome Powell's tenure as Fed chair concluded amidst concerns about sticky inflation and potential rate hikes. Energy shares saw gains, but the broader market retreated from AI-driven highs."
2026-05-16,"Global bonds battered as flaring inflation spooks investors. Global bond markets are experiencing significant interest rate hikes, driven by escalating energy prices from the Iran conflict and persistent inflation. This is impacting everything from homebuying to corporate borrowing, with benchmark U.S. Treasury yields reaching yearly highs. Investors are now anticipating further rate increases from central banks worldwide, a stark shift from earlier expectations of cuts."
2026-05-16,"Europe lacks everything needed to make its stock market a winner. European stocks have lost their momentum as investors shift focus from cheaper regional equities to the AI boom and seek refuge from a global energy shock. Europe's economic vulnerability to inflation and supply chain disruptions, coupled with a lack of AI-centric companies, has led to a significant underperformance compared to US and Asian markets."
2026-05-16,"SBI, Groww among 10 companies which saw the highest increase in FII holdings in value terms in Q4. FII holdings rose sharply in key large-cap names such as State Bank of India, Power Grid Corporation of India, NTPC, and others in Q4 despite overall foreign outflows."
2026-05-16,"Reliance Industries, TCS, HDFC Bank among 10 companies with highest FII selling in Q4. Do you own any?. Foreign institutional investors have sold $53 billion worth of Indian equities since late 2024, with HDFC Bank, Kotak Mahindra Bank and Bharti Airtel among stocks witnessing the heaviest FII outflows."
2026-05-16,"Mastering trading psychology in today’s volatile global market. Global uncertainty and market swings highlight the importance of trading psychology. Investor success now depends on mastering one's mindset. Fear and greed amplify during corrections and rallies, leading to poor timing. Discipline and focusing on strengths, not mistakes, are key. Avoid overactivity and herd behavior."
2026-05-16,"India’s gold import duty hike: A double-edged sword. India has raised gold import duty to 15% and urged citizens to buy less gold. This move targets foreign reserves and the rupee's value. However, India's strong cultural demand for gold may limit effectiveness. Higher duties could also boost illegal gold imports. Investors should consider gold as a long-term hedge."
2026-05-16,"Eternal, HDFC Bank among 10 stocks which saw highest DII buying in Q4. How many do you own?. DIIs sharply increased stakes in major banks, IT, telecom and consumer stocks in Q4 even as markets witnessed steep corrections."
2026-05-16,"Dalal Street Week Ahead: Nifty’s fragile trend flags deeper volatility as selling pressure intensifies. Nifty ended the week under sharp corrective pressure as selling dominated and volatility spiked. The index remains structurally weak below key moving averages, with support at 23,200–23,000 and resistance near 24,300–24,500. Elevated VIX, weakening momentum indicators and expanding Bollinger Bands signal a volatile, cautious week ahead for traders."
2026-05-16,"Berkshire Hathaway’s Greg Abel bought sector that Warren Buffett long avoided in his first year as CEO. Under new CEO Greg Abel, Berkshire Hathaway significantly boosted its tech and airline holdings, tripling its Alphabet stake and buying over $2.6 billion in Delta Air Lines shares. This shift follows Todd Combs' departure and marks a departure from Warren Buffett's historical tech avoidance, with Abel now steering the conglomerate's investment strategy."
2026-05-16,"Why Vijay Kedia believes tourism could become India’s next trillion-dollar story. Veteran investor Vijay Kedia believes India's tourism sector holds the potential to become a trillion-dollar opportunity. He highlights the nation's immense diversity and scale as key strengths, but stresses that improving infrastructure, cleanliness, and tourist convenience are crucial for unlocking this potential. Focused execution on these basics could transform tourism into a major economic driver."
2026-05-16,"Bitcoin slips towards $79K as higher Treasury yields and oil prices pressure trigger risk-off sentiment. Bitcoin dipped towards $79,000, influenced by rising US Treasury yields, inflation concerns, and high oil prices, impacting global risk assets. Major altcoins also saw declines, with the global crypto market capitalization falling. Analysts suggest Bitcoin's pullback is macro-driven, with key resistance at $82,000-$82,500."
2026-05-16,"European shares log weekly losses on Iran war-linked inflation woesdrop. European markets experienced a significant downturn, with the STOXX 600 index sliding due to escalating energy inflation fears stemming from the U.S.-Iran tensions. Rising costs are impacting consumer and producer prices, prompting expectations of interest rate hikes. Economically sensitive sectors and defence stocks bore the brunt of the sell-off, despite some positive corporate news."
2026-05-16,SpaceX shareholders approve 5-for-1 stock split ahead of much-awaited IPO: Report. SpaceX shareholders have approved a five-for-one stock split. The company is preparing for a major stock market debut. SpaceX aims to list its shares on Nasdaq as early as June 12. This blockbuster IPO could be the largest in history. The rocket maker is expected to raise a significant amount of capital.
2026-05-16,"Multibaggers, mirages and market math. An experiment demonstrates how survivorship bias can create the illusion of market genius. By selectively sharing successful predictions and discarding failures, a perfect track record can be manufactured. This bias also influences equity investing, leading investors to chase multi-baggers without considering the underlying conditions that enable such gains."
2026-05-16,"Delhivery Q4 Results: Net profit flat at Rs 72.4 crore, revenue rises 30% YoY. Delhivery reported a marginal 0.2% year-on-year decline in net profit for Q4FY26 to Rs 72.4 crore, despite a 30% revenue jump to Rs 2,850 crore. The company saw significant growth in express parcel volumes and introduced AI-powered systems. For FY26, Delhivery turned free cash flow positive and achieved a consolidated PAT of Rs 153 crore."
2026-05-16,"Crude oil surges 8% in a week to near $110 as Iran war tensions simmer again. Where are prices headed?. Oil prices surged this week as U.S. President Trump and Iran's foreign minister exchanged remarks, dampening hopes for a near-term agreement on ship attacks around the Strait of Hormuz. Brent crude futures rose 7.84% and WTI gained 10.48% amid uncertainty over the fragile ceasefire and the potential for prolonged disruptions to vital oil and LNG flows."
2026-05-16,"Mayday: Rupee breaches 96 wall, pulls back after RBI intervention. The Indian rupee faces historic challenges, having plummeted to unprecedented levels against the US dollar. The surge in crude oil prices is a key factor in this decline. In response, government officials are prioritizing strategies to draw in foreign currency and consider various measures to reinforce the rupee."
2026-05-16,"Oil prices climb more than 3% on fears of new US-Iran combat. Oil prices surged over 3% as U.S. President Trump and Iran's foreign minister exchanged confrontational remarks, diminishing hopes for a deal to end ship attacks around the Strait of Hormuz. Despite a shaky ceasefire, the strait's potential reopening is uncertain, impacting global oil supplies and pushing prices higher."
2026-05-16,ICAR Pune grape institute Director served notice as Shivraj Singh Chouhan cracks down on lapses. Shivraj Singh Chouhan also ordered a wider review of appointments and leadership systems.
2026-05-16,"'Not just roads, but faith': Nitin Gadkari reviews Palkhi Marg highway upgrade in Pune."
2026-05-16,"Tax wealthy, not fuel and gold: Former UN Advisor, economist Santosh Mehrotra warns of Rupee slump, job losses. Former UN Advisor Santosh Mehrotra urged the government to tax the super-rich instead of relying on indirect taxes on fuel and gold, warning these are fueling inflation and job losses. He cautioned that escalating geopolitical tensions could push the Indian Rupee to ₹100 against the US dollar within a quarter, exacerbating economic stress."
2026-05-16,"Petrol, diesel price hike may trigger chain reaction across economy, say experts. Rising petrol and diesel prices are poised to escalate India's retail inflation, with economists forecasting a significant ripple effect on household expenses. Analysts predict fuel price hikes could add 10-25 basis points to headline inflation, impacting transportation, logistics, and manufactured goods. This surge, coupled with increasing milk prices, is expected to strain consumer budgets further."
2026-05-16,"Oil price shock to widen current account deficit, push inflation higher as US-Iran war continues: Expert. With no sign of the US-Iran war ending and global oil prices likely to reach record highs within a quarter, Santosh Mehrotra, former Economic Advisor to the United Nations, warned that India's current account deficit could widen by 0.3 per cent of GDP for every USD 10 rise in oil prices."
2026-05-16,WPI inflation to face further upside as oil and metal prices stay elevated amid geopolitical tensions: Report. India's Wholesale Price Index surged to 8.3 percent in April 2026. Fuel and manufactured goods drove this sharp rise. Global crude oil prices and geopolitical tensions impacted fuel costs. Metal prices also climbed significantly. Food inflation eased but may rise later. This marks the highest WPI since October 2022.
2026-05-16,"Rising oil prices, gold imports to widen trade deficit, CAD may touch 1.5-2% of GDP: ICICI Securities. With the West Asia conflict persisting and global oil prices likely to average around USD 100/bbl, India's current account deficit could rise meaningfully this year, ICICI Bank Global Markets warns. While resilient services exports should offer some cushion, the brokerage expects the current account deficit (CAD) to settle between 1.5-2 per cent of GDP, provided non-essential imports are contained and capital inflows improve once global risk sentiment stabilizes."
2026-05-16,"Gold at over one-week low as dollar, yields climb, Middle East tensions stoke inflation. Gold prices have fallen to a one-week low. This decline is driven by rising U.S. Treasury yields and a stronger dollar. Inflation fears from the Middle East conflict are also pushing interest rate hike expectations. Other precious metals like silver, platinum, and palladium have also seen significant drops. Investors are reacting to these market shifts."
2026-05-16,"India's April exports jump 13.8%, trade gap widens to 3-month high. A 10% rise in imports, despite a steep decline in inbound shipments from West Asia amid the continuing geopolitical disruptions, widened the trade deficit to $28.38 billion in April from $27.1 billion a year ago. The exports growth came despite India's outbound shipments to West Asia falling by more than a quarter, officials said."
2026-05-16,"Buyback alert! 4 stocks turning ex-record dates for share buybacks in next two weeks. Check details. description: Four companies: Onward Technologies, Garware Technical Fibres, CMS Info Systems and CyberTech Systems, will soon turn ex-record for share buybacks, offering premiums between 8% and 23% to shareholders."
2026-05-16,"Fuel hike not enough to offset all losses, oil stocks fall further. In an unexpected turn, shares of oil companies fell even with a recent fuel price boost. This adjustment couldn't compensate for the rising crude oil prices, leaving experts calling for further alterations in pricing. Investors are advised to hold tight until market indicators become more distinct. The persistent geopolitical climate is keeping oil prices robust, creating challenges for company profitability."
2026-05-16,"Nabard pulls out bond issuance on weak demand. In a surprising turn of events, Nabard has pulled the plug on its scheduled bond sale this Friday, citing a lackluster response from investors. The rural development bank aimed to secure ₹7,000 crore but only attracted bids close to ₹3,030 crore. Analysts suggest that the borrowing costs would have ranged between 7.79% and 8."
2026-05-16,Sebi eases onboarding norms for foreign portfolio investors. The Securities and Exchange Board of India has simplified rules for foreign investors. This eases the process of obtaining PAN cards for overseas portfolio investors. New rules introduced by the Income-tax Department had created difficulties. The Central Board of Direct Taxes has now issued relaxations. This aims to make onboarding smoother for foreign investors.
2026-05-16,"InvITs can eaise extra debt to fund capex, repairs. In a significant regulatory shift, India's Securities and Exchange Board of India (Sebi) has unveiled new guidelines for Infrastructure Investment Trusts, or InvITs. These entities are now permitted to exceed the 49% debt cap of their asset value, unlocking a new avenue for funding vital capital projects and enhancements."
2026-05-16,"Nifty faces bearish grip: Key levels to watch and top 3 stock picks for next week. Nifty faces bear control after a weekly slide. The IT sector is under pressure, and Kaynes stock has stumbled. Analysts highlight support at 23,500 for Nifty. Selective buying is advised in Marico, Arvind, and Triveni Turbine for the upcoming week. These stocks show potential for upside movement."
2026-05-16,"What is Warren Buffett’s best investment ever? It is not a stock. Warren Buffett, renowned for his stock market acumen, reveals his greatest investments weren't financial assets. He considers his wedding rings and marriage licenses as his top investments, followed by his Nebraska home. Buffett also highlights Benjamin Graham's 'The Intelligent Investor' as a pivotal investment that shaped his value investing philosophy."
2026-05-16,"Wall Street Week Ahead: Nvidia, retailer reports to shed light on AI boom, consumer spending. Stock markets are reaching new highs. Investors are watching for Nvidia's earnings report this week. This will show the strength of the artificial intelligence boom. Retailers like Walmart will also report. Their results will reveal how consumers are spending amid rising prices. These reports will be crucial for the market's direction."
2026-05-16,"Vodafone Idea Q4 Results: Co swings to black, posts profit of Rs 51,970 cr on one-time gain; revenue up 3% YoY. Vodafone Q4 Results: Vodafone Idea reported a net profit of Rs 51,970 crore for Q4 FY26, boosted by a one-time accounting gain from AGR reassessment. Revenue rose 3% to Rs 11,332 crore, with ARPU reaching Rs 190, the highest in the industry. The company also saw its 4G/5G subscriber base grow and launched 5G services in 83 cities."
