iter	Quantile:alpha=0.05
0	0.001400321113
1	0.001335537552
2	0.001293895764
3	0.00126234236
4	0.001232436502
5	0.001200013042
6	0.001178097013
7	0.001157108293
8	0.001141194017
9	0.001128648926
10	0.001115505952
11	0.001098557955
12	0.001082166129
13	0.00106637659
14	0.001053779706
15	0.001046105836
16	0.001037014309
17	0.001026692315
18	0.0010193114
19	0.001010928574
20	0.001002707491
21	0.0009974279541
22	0.0009925038672
23	0.0009875034303
24	0.0009853907684
25	0.0009790377932
26	0.0009751815826
27	0.0009708426464
28	0.0009670086888
29	0.0009629044093
30	0.0009586014685
31	0.0009534465372
32	0.0009494885727
33	0.0009449643371
34	0.0009423151559
35	0.0009396584404
36	0.0009379302268
37	0.0009355862836
38	0.000933589115
39	0.0009312822613
40	0.0009292749115
41	0.0009279134743
42	0.0009261565696
43	0.0009253085408
44	0.0009244728812
45	0.0009221689993
46	0.0009200259151
47	0.0009178584261
48	0.000916371203
49	0.0009130601554
50	0.0009124053209
51	0.0009112084569
52	0.0009105514432
53	0.0009095002427
54	0.0009089056812
55	0.0009082049848
56	0.0009065673952
57	0.0009051824584
58	0.0009033889328
59	0.0009027760551
60	0.0009011274131
61	0.0009002260303
62	0.0008996151942
63	0.0008978197992
64	0.0008965258765
65	0.00089617112
66	0.0008959604397
67	0.0008951626515
68	0.0008947524315
69	0.0008943812488
70	0.0008939559534
71	0.0008926571385
72	0.0008914826868
73	0.000890044831
74	0.0008892266166
75	0.0008876275892
76	0.0008871761169
77	0.000886905851
78	0.0008864096641
79	0.0008858444004
80	0.000885222731
81	0.0008846265485
82	0.0008837698233
83	0.0008825379388
84	0.0008812579668
85	0.0008797152027
86	0.0008789441221
87	0.0008775731452
88	0.0008764359373
89	0.0008748715709
90	0.0008734956507
91	0.0008729654494
92	0.0008725960151
93	0.0008707548523
94	0.0008684163776
95	0.0008670754618
96	0.0008640788522
97	0.0008632825395
98	0.000862441289
99	0.000861387116
100	0.000861193967
101	0.0008608136648
102	0.0008606740812
103	0.0008604190001
104	0.0008601228303
105	0.0008598187988
106	0.0008596977574
107	0.0008593749175
108	0.0008591777371
109	0.0008590938862
110	0.0008588463183
111	0.0008585670187
112	0.0008575176819
113	0.00085733708
114	0.0008569598027
115	0.0008567415709
116	0.0008565247896
117	0.0008564622145
118	0.0008563649221
119	0.0008552481745
120	0.0008542072522
121	0.0008535334637
122	0.0008533287867
123	0.0008530295286
124	0.0008527932618
125	0.0008525793424
126	0.0008524568794
127	0.0008522839565
128	0.0008521495282
129	0.0008520414681
130	0.0008507074887
131	0.0008506048544
132	0.0008505019772
133	0.000850269006
134	0.0008495457362
135	0.000849440287
136	0.0008492048473
137	0.0008490537421
138	0.0008489586443
139	0.0008482107254
140	0.0008470225144
141	0.0008454947909
142	0.000844438106
143	0.0008443973243
144	0.000842722852
145	0.0008405176305
146	0.0008391413265
147	0.0008381463745
148	0.0008380387571
149	0.0008379758834
150	0.0008378975646
151	0.0008377437648
152	0.0008377063038
153	0.0008375596939
154	0.0008374437031
155	0.0008363635333
156	0.0008363224969
157	0.0008361041197
158	0.0008359996289
159	0.0008359675698
160	0.000835937497
161	0.0008358486949
162	0.0008358222118
163	0.0008357546467
164	0.0008357127016
165	0.0008338132125
166	0.0008322966114
167	0.0008316784289
168	0.0008307223352
169	0.0008296949368
170	0.0008290180608
171	0.0008279663581
172	0.0008266051059
173	0.0008264785797
174	0.0008263618842
175	0.0008262546533
176	0.0008261611159
177	0.0008260722387
178	0.000825990547
179	0.0008259176877
180	0.0008258446638
181	0.0008257647715
182	0.0008247234256
183	0.0008243496069
184	0.0008242735599
185	0.0008242055787
186	0.0008229306726
187	0.000822863854
188	0.0008227527489
189	0.0008219027059
190	0.0008212136554
191	0.0008205346877
192	0.0008203782531
193	0.0008194182144
194	0.0008193219219
195	0.0008187336517
196	0.0008185477548
197	0.0008183794466
198	0.0008171636507
199	0.0008165521664
200	0.0008159171041
201	0.0008154769376
202	0.0008148023878
203	0.0008140402171
204	0.0008123657754
205	0.0008117820421
206	0.0008112152891
207	0.0008110335857
208	0.0008105580983
209	0.0008103966805
210	0.000810056042
211	0.0008096062377
212	0.0008095129857
213	0.0008088398266
214	0.0008084369571
215	0.0008076917638
216	0.0008076412188
217	0.0008073917502
218	0.0008071455836
219	0.0008070641626
220	0.0008066536291
221	0.0008065256734
222	0.0008064084187
223	0.0008063039361
224	0.0008061570945
225	0.0008060633393
226	0.0008059848522
227	0.0008059121001
228	0.0008058828983
229	0.0008058101602
230	0.0008057447565
231	0.0008056863317
232	0.0008056820041
233	0.0008056293882
234	0.0008055821324
235	0.0008055525611
236	0.0008054406946
237	0.000805397081
238	0.0008053590821
239	0.0008049636013
240	0.0008049336741
241	0.0008048760877
242	0.0008047085002
243	0.0008043648708
244	0.0008042745846
245	0.0008042075129
246	0.0008041251792
247	0.0008037659456
248	0.0008031727339
249	0.0008030863183
250	0.000803037241
251	0.0008027255606
252	0.0008026650229
253	0.0008026131802
254	0.000802093414
255	0.0008017101071
256	0.0008016365741
257	0.0008015987048
258	0.0008015654205
259	0.0008015362658
260	0.000801506862
261	0.0008013659198
262	0.0008013520085
263	0.0008013253923
264	0.0008013018619
265	0.0008012785443
266	0.0008012388688
267	0.0008012195994
268	0.0008012021978
269	0.0008008103103
270	0.0008007759648
271	0.0008006875013
272	0.0008006619978
273	0.0008001339109
274	0.0008000776936
275	0.0007995876844
276	0.0007995648913
277	0.0007994713834
278	0.0007993867356
279	0.0007993396428
280	0.0007992637804
281	0.0007991524786
282	0.0007982317436
283	0.0007981164267
284	0.0007973601775
285	0.0007973063051
286	0.0007972565447
287	0.00079684868
288	0.0007967810009
289	0.0007963924829
290	0.00079534904
291	0.0007952301547
292	0.0007946026015
293	0.0007945410198
294	0.0007941530555
295	0.0007938586973
296	0.000793813633
297	0.0007937739466
298	0.0007937347411
299	0.0007937020621
300	0.0007936727135
301	0.0007936283649
302	0.0007930066353
303	0.0007929174081
304	0.0007928224087
305	0.0007927197187
306	0.0007918192467
307	0.0007917730194
308	0.0007917261872
309	0.0007916894337
310	0.0007912045591
311	0.0007911472967
312	0.0007911197811
313	0.0007910813866
314	0.0007910542992
315	0.0007910185982
316	0.0007909859189
317	0.0007909656753
318	0.0007909485229
319	0.0007909219005
320	0.0007908980964
321	0.0007908757002
322	0.0007908516427
323	0.0007907561596
324	0.0007907455977
325	0.0007905173095
326	0.0007900470899
327	0.00078997595
328	0.0007899663121
329	0.0007899504876
330	0.0007899362349
331	0.0007898597499
332	0.0007898472712
333	0.0007898304833
334	0.0007898194716
335	0.0007898124084
336	0.0007898039272
337	0.0007897950509
338	0.0007897869765
339	0.000789779815
340	0.0007897750624
341	0.0007897687973
342	0.0007897631549
343	0.0007897580339
344	0.0007897541173
345	0.0007896861588
346	0.0007896258438
347	0.0007896214547
348	0.0007895662409
349	0.0007895571566
350	0.0007895531016
351	0.0007895416897
352	0.0007895352848
353	0.0007894838955
354	0.0007894804224
355	0.0007893365405
356	0.0007892391638
357	0.0007890629477
358	0.0007889425816
359	0.0007888624819
360	0.0007887447744
361	0.0007879737495
362	0.000787555639
363	0.0007875447186
364	0.0007874573079
365	0.0007873957783
366	0.0007873107864
367	0.0007871606385
368	0.0007870974146
369	0.000787090588
370	0.0007869615652
371	0.0007868005648
372	0.0007866660634
373	0.0007865447445
374	0.0007864634995
375	0.0007864230258
376	0.0007864121517
377	0.0007862627245
378	0.0007862483063
379	0.0007861060012
380	0.0007860965664
381	0.0007859350157
382	0.0007854341631
383	0.0007853948557
384	0.000785314449
385	0.0007852253282
386	0.0007849034394
387	0.0007848286813
388	0.0007847472038
389	0.0007846946437
390	0.0007846286099
391	0.0007844788684
392	0.0007844520102
393	0.0007843284708
394	0.0007843106513
395	0.0007843010737
396	0.0007841822136
397	0.0007840582143
398	0.0007840425254
399	0.0007840298986
400	0.0007840207333
401	0.0007839875194
402	0.0007837333291
403	0.0007836937996
404	0.0007833382023
405	0.0007833331128
406	0.0007831087381
407	0.0007828977125
408	0.0007828482886
409	0.0007828161969
410	0.0007828105932
411	0.0007828034969
412	0.0007827217694
413	0.0007826986813
414	0.0007826755728
415	0.0007825114723
416	0.0007824978123
417	0.0007824771067
418	0.0007824297023
419	0.0007823910835
420	0.0007823897071
421	0.0007823884671
422	0.0007820086889
423	0.0007820024996
424	0.0007819473735
425	0.0007819032724
426	0.0007818214416
427	0.0007809864211
428	0.0007800963007
429	0.0007800851262
430	0.0007800571143
431	0.0007800314098
432	0.0007799698962
433	0.0007799152545
434	0.0007798658725
435	0.0007798433712
436	0.0007798355793
437	0.0007793545416
438	0.0007793002488
439	0.0007784859203
440	0.0007781886023
441	0.0007778488662
442	0.0007773297599
443	0.0007771284882
444	0.0007769362797
445	0.0007766251769
446	0.000776514635
447	0.0007761988848
448	0.0007759281704
449	0.0007755838843
450	0.0007752640697
451	0.0007750134253
452	0.0007747636383
453	0.00077455442
454	0.000774448496
455	0.0007741760192
456	0.0007740604493
457	0.0007738639447
458	0.0007735554169
459	0.0007732298733
460	0.0007730987532
461	0.0007729784322
462	0.0007723499801
463	0.0007714497934
464	0.0007713749158
465	0.0007708847319
466	0.0007704767368
467	0.0007697355784
468	0.0007694249588
469	0.0007693957442
470	0.0007693770251
471	0.0007692645595
472	0.0007687451506
473	0.0007685037202
474	0.0007684906972
475	0.0007684722875
476	0.0007676994072
477	0.0007675585135
478	0.000767412651
479	0.0007671917288
480	0.0007670772514
481	0.0007668149507
482	0.0007648004305
483	0.0007642275741
484	0.0007635127449
485	0.0007631642609
486	0.0007627573891
487	0.0007626375703
488	0.0007625677123
489	0.0007624663571
490	0.0007623797362
491	0.0007622830084
492	0.000762188278
493	0.0007621121083
494	0.0007620543367
495	0.0007619583788
496	0.0007617714071
497	0.0007617120104
498	0.0007613890798
499	0.0007613180639
500	0.0007611860914
501	0.0007611003514
502	0.0007610487363
